SIGUN_CD,SIGUN_NM,STD_YM,CARD_PUBLCT_CNT,CARD_CHRGNG_AMT,CARD_USE_AMT,MOBILE_GIFTCERTF_USER_CNT,MOBILE_CHRGNG_AMT,MOBILE_USE_AMT,BRNHSTRM_GIFTCERTF_SALE_AMT,BRNHSTRM_GIFTCERTF_RETRVL_AMT
41370,오산시,2019-07,1389.0,839823.0,625889.0,0.0,0.0,0.0,0.0,0.0
41630,양주시,2019-07,1860.0,1312669.0,1017916.0,0.0,0.0,0.0,0.0,0.0
41500,이천시,2019-07,1253.0,1029111.0,538060.0,0.0,0.0,0.0,0.0,0.0
41310,구리시,2019-07,1527.0,801086.0,523667.0,0.0,0.0,0.0,0.0,0.0
41550,안성시,2019-07,1250.0,855696.0,941521.0,0.0,0.0,0.0,0.0,0.0
41650,포천시,2019-07,893.0,346750.0,106925.0,0.0,0.0,0.0,154055.0,127365.0
41430,의왕시,2019-07,789.0,482500.0,211693.0,0.0,0.0,0.0,322825.0,366140.0
41830,양평군,2019-07,1257.0,1264227.0,1092636.0,0.0,0.0,0.0,0.0,0.0
41670,여주시,2019-07,763.0,470931.0,331964.0,0.0,0.0,0.0,0.0,0.0
41250,동두천시,2019-07,590.0,344792.0,251182.0,0.0,0.0,0.0,0.0,0.0
41820,가평군,2019-07,389.0,207542.0,113448.0,0.0,0.0,0.0,54695.0,81375.0
41290,과천시,2019-07,580.0,361577.0,346299.0,0.0,0.0,0.0,205390.0,356830.0
41800,연천군,2019-07,734.0,363698.0,271917.0,0.0,0.0,0.0,0.0,0.0
41110,수원시,2019-08,6271.0,3339872.0,3305846.0,0.0,0.0,0.0,0.0,0.0
41280,고양시,2019-08,8535.0,6035427.0,4859241.0,0.0,0.0,0.0,0.0,0.0
41460,용인시,2019-08,3006.0,1065818.0,2049597.0,0.0,0.0,0.0,0.0,0.0
41130,성남시,2019-08,0.0,5447710.0,5798567.0,1982.0,486685.0,486472.0,1252875.0,1734080.0
41190,부천시,2019-08,7646.0,4297625.0,4496234.0,0.0,0.0,0.0,0.0,0.0
41590,화성시,2019-08,4019.0,2986215.0,3157737.0,0.0,0.0,0.0,0.0,0.0
41270,안산시,2019-08,2168.0,1190963.0,2201257.0,0.0,0.0,0.0,456875.0,552765.0
41360,남양주시,2019-08,1643.0,645594.0,1403210.0,0.0,0.0,0.0,0.0,0.0
41170,안양시,2019-08,849.0,227500.0,868315.0,0.0,0.0,0.0,783680.0,781295.0
41220,평택시,2019-08,231.0,49500.0,502052.0,0.0,0.0,0.0,1145665.0,564950.0
41390,시흥시,2019-08,0.0,0.0,0.0,4622.0,2384905.0,2533034.0,139049.0,255692.0
41480,파주시,2019-08,2174.0,600001.0,1221583.0,0.0,0.0,0.0,0.0,0.0
41150,의정부시,2019-08,1939.0,990462.0,1285377.0,0.0,0.0,0.0,0.0,0.0
41570,김포시,2019-08,0.0,0.0,0.0,5346.0,2619344.0,3544684.0,0.0,0.0
41610,광주시,2019-08,1157.0,378842.0,656843.0,0.0,0.0,0.0,0.0,0.0
41210,광명시,2019-08,1256.0,628310.0,960015.0,0.0,0.0,0.0,0.0,0.0
41410,군포시,2019-08,1434.0,1112362.0,1874745.0,0.0,0.0,0.0,0.0,0.0
41450,하남시,2019-08,1036.0,924288.0,1503751.0,0.0,0.0,0.0,0.0,0.0
41370,오산시,2019-08,1011.0,410670.0,632283.0,0.0,0.0,0.0,0.0,0.0
41630,양주시,2019-08,1031.0,856207.0,1053207.0,0.0,0.0,0.0,0.0,0.0
41500,이천시,2019-08,975.0,549626.0,633027.0,0.0,0.0,0.0,0.0,0.0
41310,구리시,2019-08,610.0,195288.0,516560.0,0.0,0.0,0.0,0.0,0.0
41550,안성시,2019-08,1040.0,807575.0,911541.0,0.0,0.0,0.0,0.0,0.0
41650,포천시,2019-08,247.0,46250.0,220038.0,0.0,0.0,0.0,231175.0,129580.0
41430,의왕시,2019-08,202.0,60750.0,234507.0,0.0,0.0,0.0,745410.0,377800.0
41830,양평군,2019-08,887.0,1164071.0,1171115.0,0.0,0.0,0.0,0.0,0.0
41670,여주시,2019-08,419.0,236932.0,316517.0,0.0,0.0,0.0,0.0,0.0
41250,동두천시,2019-08,262.0,102446.0,205038.0,0.0,0.0,0.0,0.0,0.0
41820,가평군,2019-08,272.0,100956.0,138322.0,0.0,0.0,0.0,65975.0,61785.0
41290,과천시,2019-08,444.0,242187.0,349798.0,0.0,0.0,0.0,220585.0,313650.0
41800,연천군,2019-08,766.0,346478.0,561089.0,0.0,0.0,0.0,0.0,0.0
41110,수원시,2019-09,4209.0,1372844.0,2397516.0,0.0,0.0,0.0,0.0,0.0
41280,고양시,2019-09,5421.0,6220822.0,4437004.0,0.0,0.0,0.0,0.0,0.0
41460,용인시,2019-09,4293.0,2851679.0,1866233.0,0.0,0.0,0.0,0.0,0.0
41130,성남시,2019-09,0.0,5669277.0,4431947.0,2531.0,516065.0,492525.0,1559980.0,1776470.0
41190,부천시,2019-09,6936.0,5983853.0,4436531.0,0.0,0.0,0.0,0.0,0.0
41590,화성시,2019-09,4032.0,4333736.0,3048618.0,0.0,0.0,0.0,0.0,0.0
41270,안산시,2019-09,3343.0,2494642.0,1871789.0,0.0,0.0,0.0,1838900.0,1006870.0
41360,남양주시,2019-09,2297.0,1644304.0,1233830.0,0.0,0.0,0.0,0.0,0.0
41170,안양시,2019-09,546.0,173000.0,441185.0,0.0,0.0,0.0,4143695.0,2466325.0
41220,평택시,2019-09,71.0,10250.0,187229.0,0.0,0.0,0.0,1921240.0,1398305.0
41390,시흥시,2019-09,0.0,0.0,0.0,4319.0,2752715.0,2561828.0,1863442.0,782841.0
41480,파주시,2019-09,2269.0,986988.0,899840.0,0.0,0.0,0.0,0.0,0.0
41150,의정부시,2019-09,1747.0,1258233.0,1036494.0,0.0,0.0,0.0,0.0,0.0
41570,김포시,2019-09,0.0,0.0,0.0,9419.0,8132894.0,4742487.0,0.0,0.0
41610,광주시,2019-09,1279.0,720675.0,611891.0,0.0,0.0,0.0,0.0,0.0
41210,광명시,2019-09,1038.0,497664.0,701032.0,0.0,0.0,0.0,0.0,0.0
41410,군포시,2019-09,2810.0,3840776.0,2233807.0,0.0,0.0,0.0,0.0,0.0
41450,하남시,2019-09,3161.0,2798078.0,2010501.0,0.0,0.0,0.0,0.0,0.0
41370,오산시,2019-09,1953.0,1036998.0,715056.0,0.0,0.0,0.0,0.0,0.0
41630,양주시,2019-09,852.0,933524.0,918677.0,0.0,0.0,0.0,0.0,0.0
41500,이천시,2019-09,1390.0,539571.0,743569.0,0.0,0.0,0.0,0.0,0.0
41310,구리시,2019-09,1084.0,591082.0,429976.0,0.0,0.0,0.0,0.0,0.0
41550,안성시,2019-09,904.0,933084.0,876813.0,0.0,0.0,0.0,0.0,0.0
41650,포천시,2019-09,141.0,43250.0,95035.0,0.0,0.0,0.0,207925.0,182170.0
41430,의왕시,2019-09,113.0,30500.0,110004.0,0.0,0.0,0.0,1066595.0,780970.0
41830,양평군,2019-09,729.0,1235291.0,1170306.0,0.0,0.0,0.0,0.0,0.0
41670,여주시,2019-09,420.0,273927.0,278249.0,0.0,0.0,0.0,0.0,0.0
41250,동두천시,2019-09,421.0,250040.0,194088.0,0.0,0.0,0.0,0.0,0.0
41820,가평군,2019-09,428.0,233151.0,172358.0,0.0,0.0,0.0,159965.0,116495.0
41290,과천시,2019-09,1171.0,866317.0,468413.0,0.0,0.0,0.0,1209655.0,640725.0
41800,연천군,2019-09,624.0,395582.0,69717.0,0.0,0.0,0.0,0.0,0.0
41110,수원시,2019-10,7390.0,5550020.0,3240156.0,0.0,0.0,0.0,0.0,0.0
41280,고양시,2019-10,5024.0,4542746.0,4017911.0,0.0,0.0,0.0,0.0,0.0
41460,용인시,2019-10,4852.0,3541329.0,2475938.0,0.0,0.0,0.0,0.0,0.0
41130,성남시,2019-10,0.0,7422980.0,6070857.0,3123.0,1193970.0,860925.0,1539810.0,1605200.0
41190,부천시,2019-10,6530.0,4895479.0,4859638.0,0.0,0.0,0.0,0.0,0.0
41590,화성시,2019-10,3977.0,3227898.0,3274822.0,0.0,0.0,0.0,0.0,0.0
41270,안산시,2019-10,4505.0,3490030.0,2742298.0,0.0,0.0,0.0,598940.0,1085860.0
41360,남양주시,2019-10,4396.0,3434683.0,1922439.0,0.0,0.0,0.0,0.0,0.0
41170,안양시,2019-10,2318.0,1795750.0,723214.0,0.0,0.0,0.0,994875.0,1608860.0
41220,평택시,2019-10,1465.0,1181750.0,436006.0,0.0,0.0,0.0,362280.0,761645.0
41390,시흥시,2019-10,0.0,0.0,0.0,4032.0,4263010.0,3225878.0,1037987.0,928500.0
41480,파주시,2019-10,3192.0,2352711.0,1433996.0,0.0,0.0,0.0,0.0,0.0
41150,의정부시,2019-10,2374.0,1674171.0,1093002.0,0.0,0.0,0.0,0.0,0.0
41570,김포시,2019-10,0.0,0.0,0.0,4387.0,3819558.0,5453928.0,0.0,0.0
41610,광주시,2019-10,2772.0,1897470.0,1232005.0,0.0,0.0,0.0,0.0,0.0
41210,광명시,2019-10,1742.0,1349211.0,862165.0,0.0,0.0,0.0,0.0,0.0
41410,군포시,2019-10,1785.0,1987328.0,2435273.0,0.0,0.0,0.0,0.0,0.0
41450,하남시,2019-10,3334.0,3819018.0,2596121.0,0.0,0.0,0.0,0.0,0.0
41370,오산시,2019-10,1396.0,976912.0,843401.0,0.0,0.0,0.0,0.0,0.0
41630,양주시,2019-10,1281.0,1514663.0,1102046.0,0.0,0.0,0.0,0.0,0.0
41500,이천시,2019-10,1305.0,1173344.0,749830.0,0.0,0.0,0.0,0.0,0.0
41310,구리시,2019-10,1462.0,1106018.0,679158.0,0.0,0.0,0.0,0.0,0.0
41550,안성시,2020-09,3136.0,5295759.0,5242438.0,0.0,0.0,0.0,0.0,0.0
41650,포천시,2020-09,1378.0,1980494.0,1830414.0,0.0,0.0,0.0,493855.0,314424.0
41430,의왕시,2020-09,3965.0,2166563.0,1962438.0,0.0,0.0,0.0,377525.0,324535.0
41830,양평군,2020-09,2105.0,4550837.0,4297598.0,0.0,0.0,0.0,0.0,0.0
41670,여주시,2020-09,1930.0,7305423.0,3790294.0,0.0,0.0,0.0,0.0,0.0
41250,동두천시,2020-09,999.0,1045748.0,946626.0,0.0,0.0,0.0,0.0,0.0
41820,가평군,2020-09,862.0,1052610.0,964030.0,0.0,0.0,0.0,356960.0,138150.0
41290,과천시,2020-09,1884.0,2231788.0,2373914.0,0.0,0.0,0.0,636865.0,827140.0
41800,연천군,2020-09,579.0,701049.0,666673.0,0.0,0.0,0.0,0.0,0.0
41110,수원시,2020-10,11603.0,18829900.0,20931698.0,0.0,0.0,0.0,0.0,0.0
41280,고양시,2020-10,10941.0,18871423.0,22812605.0,0.0,0.0,0.0,0.0,0.0
41460,용인시,2020-10,10791.0,16837933.0,18342834.0,0.0,0.0,0.0,0.0,0.0
41130,성남시,2020-10,0.0,5340648.0,0.0,13411.0,13777526.0,15055280.0,8055350.0,10382715.0
41190,부천시,2020-10,8810.0,15281675.0,17677246.0,0.0,0.0,0.0,0.0,0.0
41590,화성시,2020-10,7078.0,30489486.0,32642111.0,0.0,0.0,0.0,0.0,0.0
41270,안산시,2020-10,6408.0,24471608.0,25102425.0,0.0,0.0,0.0,2922020.0,2437995.0
41360,남양주시,2020-10,5674.0,11228473.0,12100844.0,0.0,0.0,0.0,0.0,0.0
41170,안양시,2020-10,7502.0,7079945.0,7298065.0,0.0,0.0,0.0,1820090.0,2175725.0
41220,평택시,2020-10,6037.0,6098216.0,5954365.0,0.0,0.0,0.0,3882065.0,4683160.0
41390,시흥시,2020-10,0.0,0.0,0.0,5828.0,15379566.0,16541996.0,2706889.0,3780743.0
41480,파주시,2020-10,4621.0,7079183.0,7365647.0,0.0,0.0,0.0,0.0,0.0
41150,의정부시,2020-10,4108.0,5722700.0,6058683.0,0.0,0.0,0.0,0.0,0.0
41570,김포시,2020-10,0.0,0.0,0.0,7145.0,19244371.0,18972140.0,0.0,0.0
41610,광주시,2020-10,3368.0,9149383.0,9420328.0,0.0,0.0,0.0,0.0,0.0
41210,광명시,2020-10,3603.0,6729996.0,7218227.0,0.0,0.0,0.0,0.0,0.0
41410,군포시,2020-10,3214.0,8822107.0,9194072.0,0.0,0.0,0.0,0.0,0.0
41450,하남시,2020-10,3736.0,7841706.0,11015434.0,0.0,0.0,0.0,0.0,0.0
41370,오산시,2020-10,1937.0,6527503.0,6916165.0,0.0,0.0,0.0,0.0,0.0
41630,양주시,2020-10,1693.0,3155274.0,3527213.0,0.0,0.0,0.0,0.0,0.0
41500,이천시,2020-10,1567.0,4039983.0,3981151.0,0.0,0.0,0.0,0.0,0.0
41310,구리시,2020-10,1806.0,4340830.0,4873221.0,0.0,0.0,0.0,0.0,0.0
41550,안성시,2020-10,1868.0,4887867.0,5116759.0,0.0,0.0,0.0,0.0,0.0
41650,포천시,2020-10,869.0,1795602.0,1899871.0,0.0,0.0,0.0,273125.0,391257.0
41430,의왕시,2020-10,2363.0,2014705.0,2108495.0,0.0,0.0,0.0,374065.0,343170.0
41830,양평군,2020-10,1423.0,5697470.0,4171621.0,0.0,0.0,0.0,0.0,0.0
41670,여주시,2020-10,1582.0,2293352.0,3819060.0,0.0,0.0,0.0,0.0,0.0
41250,동두천시,2020-10,849.0,959612.0,999513.0,0.0,0.0,0.0,0.0,0.0
41820,가평군,2020-10,550.0,921618.0,952087.0,0.0,0.0,0.0,473815.0,469705.0
41290,과천시,2020-10,994.0,2224257.0,2286972.0,0.0,0.0,0.0,519200.0,738235.0
41800,연천군,2020-10,409.0,612653.0,658179.0,0.0,0.0,0.0,0.0,0.0
41110,수원시,2020-11,11491.0,20901335.0,19871655.0,0.0,0.0,0.0,0.0,0.0
41280,고양시,2020-11,10341.0,21892388.0,21763372.0,0.0,0.0,0.0,0.0,0.0
41460,용인시,2020-11,9835.0,18248514.0,17446438.0,0.0,0.0,0.0,0.0,0.0
41130,성남시,2020-11,0.0,5512400.0,5336723.0,9370.0,9862795.0,13530314.0,3866905.0,7820450.0
41190,부천시,2020-11,8430.0,16560102.0,16996525.0,0.0,0.0,0.0,0.0,0.0
41590,화성시,2020-11,7836.0,32921849.0,30837628.0,0.0,0.0,0.0,0.0,0.0
41270,안산시,2020-11,5657.0,28198480.0,25955038.0,0.0,0.0,0.0,3473920.0,2868065.0
41360,남양주시,2020-11,5787.0,12737052.0,12087602.0,0.0,0.0,0.0,0.0,0.0
41170,안양시,2020-11,6979.0,8133476.0,7378897.0,0.0,0.0,0.0,1738960.0,1938110.0
41220,평택시,2020-11,5756.0,7080197.0,6311383.0,0.0,0.0,0.0,3801585.0,4129395.0
41390,시흥시,2020-11,0.0,0.0,0.0,5090.0,12683424.0,15587795.0,2008785.0,3289704.0
41480,파주시,2020-11,4857.0,7968702.0,7365277.0,0.0,0.0,0.0,0.0,0.0
41150,의정부시,2020-11,3801.0,6387875.0,6024196.0,0.0,0.0,0.0,0.0,0.0
41570,김포시,2020-11,0.0,0.0,0.0,7891.0,20973906.0,19410629.0,0.0,0.0
41610,광주시,2020-11,3203.0,10205139.0,9821290.0,0.0,0.0,0.0,0.0,0.0
41210,광명시,2020-11,3119.0,7880494.0,7245906.0,0.0,0.0,0.0,0.0,0.0
41410,군포시,2020-11,3067.0,9813402.0,9495058.0,0.0,0.0,0.0,0.0,0.0
41450,하남시,2020-11,3461.0,8547934.0,9778813.0,0.0,0.0,0.0,0.0,0.0
41370,오산시,2020-11,2079.0,7498464.0,7135234.0,0.0,0.0,0.0,0.0,0.0
41630,양주시,2020-11,1664.0,3509422.0,3383709.0,0.0,0.0,0.0,0.0,0.0
41500,이천시,2020-11,1608.0,4167666.0,4331961.0,0.0,0.0,0.0,0.0,0.0
41310,구리시,2020-11,1650.0,4824203.0,4743637.0,0.0,0.0,0.0,0.0,0.0
41550,안성시,2020-11,2082.0,5662632.0,5453754.0,0.0,0.0,0.0,0.0,0.0
41650,포천시,2020-11,985.0,1684121.0,1573200.0,0.0,0.0,0.0,217900.0,303943.0
41430,의왕시,2020-11,2181.0,2232009.0,1970020.0,0.0,0.0,0.0,374066.0,343171.0
41830,양평군,2020-11,3737.0,6538877.0,5779551.0,0.0,0.0,0.0,0.0,0.0
41670,여주시,2020-11,1104.0,2454130.0,3167651.0,0.0,0.0,0.0,0.0,0.0
41250,동두천시,2020-11,5296.0,1055921.0,922641.0,0.0,0.0,0.0,0.0,0.0
41820,가평군,2020-11,524.0,1014259.0,991877.0,0.0,0.0,0.0,141540.0,602190.0
41290,과천시,2020-11,981.0,2409712.0,2287637.0,0.0,0.0,0.0,643190.0,721820.0
41800,연천군,2020-11,371.0,716380.0,709171.0,0.0,0.0,0.0,0.0,0.0
41110,수원시,2020-12,11906.0,23074013.0,20287869.0,0.0,0.0,0.0,0.0,0.0
41280,고양시,2020-12,7511.0,8159264.0,13731511.0,0.0,0.0,0.0,0.0,0.0
41460,용인시,2020-12,8346.0,12873555.0,13692287.0,0.0,0.0,0.0,0.0,0.0
41130,성남시,2020-12,0.0,7484129.0,6270863.0,8049.0,8134960.0,11156254.0,3559425.0,6499020.0
41190,부천시,2020-12,8194.0,12533199.0,14362438.0,0.0,0.0,0.0,0.0,0.0
41590,화성시,2020-12,7830.0,34410971.0,30464911.0,0.0,0.0,0.0,0.0,0.0
41270,안산시,2020-12,3858.0,7370592.0,14147481.0,0.0,0.0,0.0,68410.0,1718685.0
41360,남양주시,2020-12,6795.0,14678545.0,12146070.0,0.0,0.0,0.0,0.0,0.0
41170,안양시,2020-12,8054.0,9778849.0,7978099.0,0.0,0.0,0.0,1425460.0,1534560.0
41220,평택시,2020-12,8414.0,8673424.0,7472808.0,0.0,0.0,0.0,4953025.0,4446415.0
41390,시흥시,2020-12,0.0,0.0,0.0,3503.0,1645022.0,6514604.0,0.0,1874141.0
41480,파주시,2020-12,5470.0,9775350.0,8328605.0,0.0,0.0,0.0,0.0,0.0
41150,의정부시,2020-12,4888.0,6586938.0,6113738.0,0.0,0.0,0.0,0.0,0.0
41570,김포시,2020-12,0.0,0.0,0.0,8987.0,21015280.0,19166574.0,0.0,0.0
41610,광주시,2020-12,3635.0,11846680.0,10765924.0,0.0,0.0,0.0,0.0,0.0
41210,광명시,2020-12,3307.0,8118857.0,6991235.0,0.0,0.0,0.0,0.0,0.0
41410,군포시,2020-12,3564.0,11206381.0,9576097.0,0.0,0.0,0.0,0.0,0.0
41450,하남시,2020-12,3899.0,7453124.0,8355784.0,0.0,0.0,0.0,0.0,0.0
41370,오산시,2020-12,2711.0,9152554.0,8180029.0,0.0,0.0,0.0,0.0,0.0
41630,양주시,2020-12,2036.0,4690113.0,3738897.0,0.0,0.0,0.0,0.0,0.0
41500,이천시,2020-12,1726.0,4954730.0,4311818.0,0.0,0.0,0.0,0.0,0.0
41310,구리시,2020-12,2099.0,5865095.0,4754559.0,0.0,0.0,0.0,0.0,0.0
41550,안성시,2020-12,2158.0,6977812.0,6041206.0,0.0,0.0,0.0,0.0,0.0
41650,포천시,2020-12,2269.0,1754615.0,1574625.0,0.0,0.0,0.0,261735.0,146431.0
41430,의왕시,2020-12,2559.0,2823495.0,2209136.0,0.0,0.0,0.0,65179.0,254599.0
41830,양평군,2020-12,2074.0,4525305.0,5907339.0,0.0,0.0,0.0,0.0,0.0
41670,여주시,2020-12,1182.0,3067630.0,3017178.0,0.0,0.0,0.0,0.0,0.0
41250,동두천시,2020-12,2279.0,1600360.0,1345105.0,0.0,0.0,0.0,0.0,0.0
41820,가평군,2020-12,579.0,1177615.0,1121896.0,0.0,0.0,0.0,190105.0,158030.0
41290,과천시,2020-12,781.0,1651913.0,2075858.0,0.0,0.0,0.0,373425.0,644840.0
41800,연천군,2020-12,365.0,835644.0,742695.0,0.0,0.0,0.0,0.0,0.0
41110,수원시,2021-01,19139.0,20073612.0,18991978.0,0.0,0.0,0.0,0.0,0.0
41280,고양시,2021-01,15728.0,15152425.0,15299152.0,0.0,0.0,0.0,0.0,0.0
41460,용인시,2021-01,16455.0,21857304.0,17042211.0,0.0,0.0,0.0,0.0,0.0
41130,성남시,2021-01,0.0,5184080.0,5690308.0,20318.0,24314066.0,16184461.0,11630605.0,6719390.0
41190,부천시,2021-01,13605.0,17389108.0,15270885.0,0.0,0.0,0.0,0.0,0.0
41590,화성시,2021-01,12936.0,32845088.0,31312763.0,0.0,0.0,0.0,0.0,0.0
41360,남양주시,2021-01,10347.0,9384739.0,11482739.0,0.0,0.0,0.0,0.0,0.0
41170,안양시,2021-01,10897.0,7045307.0,7526125.0,0.0,0.0,0.0,1037728.0,1076780.0
41220,평택시,2021-01,9449.0,6897027.0,7283404.0,0.0,0.0,0.0,4137880.0,3813405.0
41390,시흥시,2021-01,0.0,0.0,0.0,10203.0,20771091.0,15458752.0,3074378.0,1888487.0
41480,파주시,2021-01,7290.0,7299304.0,7823883.0,0.0,0.0,0.0,0.0,0.0
41150,의정부시,2021-01,8162.0,5425432.0,5429189.0,0.0,0.0,0.0,0.0,0.0
41570,김포시,2021-01,0.0,0.0,0.0,5317.0,20578035.0,21310792.0,0.0,0.0
41610,광주시,2021-01,5028.0,9606261.0,10282394.0,0.0,0.0,0.0,0.0,0.0
41210,광명시,2021-01,5291.0,6346190.0,6811978.0,0.0,0.0,0.0,0.0,0.0
41270,안산시,2021-01,8208.0,22651240.0,18908118.0,0.0,0.0,0.0,2773315.0,2172880.0
41410,군포시,2021-01,4452.0,8951603.0,9831917.0,0.0,0.0,0.0,0.0,0.0
41450,하남시,2021-01,5036.0,16786656.0,12087623.0,0.0,0.0,0.0,0.0,0.0
41370,오산시,2021-01,3323.0,7185350.0,7671453.0,0.0,0.0,0.0,0.0,0.0
41630,양주시,2021-01,3694.0,2831340.0,3448906.0,0.0,0.0,0.0,0.0,0.0
41500,이천시,2021-01,3920.0,3582587.0,4081426.0,0.0,0.0,0.0,0.0,0.0
41310,구리시,2021-01,2715.0,4255590.0,4877310.0,0.0,0.0,0.0,0.0,0.0
41550,안성시,2021-01,3216.0,4602215.0,5456835.0,0.0,0.0,0.0,0.0,0.0
41650,포천시,2021-01,2145.0,1471569.0,1517904.0,0.0,0.0,0.0,295875.0,272244.0
41430,의왕시,2021-01,3820.0,2233364.0,2316505.0,0.0,0.0,0.0,251240.0,165740.0
41830,양평군,2021-01,1692.0,4616132.0,4771116.0,0.0,0.0,0.0,0.0,0.0
41670,여주시,2021-01,1615.0,2304987.0,2573363.0,0.0,0.0,0.0,0.0,0.0
41250,동두천시,2021-01,1442.0,2146587.0,1370105.0,0.0,0.0,0.0,0.0,0.0
41820,가평군,2021-01,598.0,992759.0,1011708.0,0.0,0.0,0.0,120450.0,145020.0
41290,과천시,2021-01,1556.0,2509252.0,2307308.0,0.0,0.0,0.0,755495.0,663065.0
41800,연천군,2021-01,421.0,787564.0,713696.0,0.0,0.0,0.0,0.0,0.0
41110,수원시,2021-02,32993.0,22486684.0,16312959.0,0.0,0.0,0.0,0.0,0.0
41280,고양시,2021-02,24208.0,17652128.0,13760292.0,0.0,0.0,0.0,0.0,0.0
41460,용인시,2021-02,27846.0,20271369.0,15622752.0,0.0,0.0,0.0,0.0,0.0
41130,성남시,2021-02,0.0,5392820.0,4652379.0,17496.0,24419215.0,18140554.0,10673150.0,8981615.0
41190,부천시,2021-02,24263.0,15601117.0,12756248.0,0.0,0.0,0.0,0.0,0.0
41590,화성시,2021-02,23305.0,18016255.0,20192514.0,0.0,0.0,0.0,0.0,0.0
41270,안산시,2021-02,21353.0,21556181.0,17026020.0,0.0,0.0,0.0,2544045.0,2334875.0
41360,남양주시,2021-02,17003.0,11003701.0,8977763.0,0.0,0.0,0.0,0.0,0.0
41170,안양시,2021-02,15539.0,7897018.0,6253832.0,0.0,0.0,0.0,2075656.0,1982520.0
41220,평택시,2021-02,17949.0,7538562.0,6025676.0,0.0,0.0,0.0,4780455.0,4639920.0
41390,시흥시,2021-02,0.0,0.0,0.0,5850.0,17151386.0,15098404.0,2766394.0,2540388.0
41480,파주시,2021-02,12210.0,7111915.0,6135793.0,0.0,0.0,0.0,0.0,0.0
41150,의정부시,2021-02,16159.0,8238511.0,5773807.0,0.0,0.0,0.0,0.0,0.0
41570,김포시,2021-02,0.0,0.0,0.0,10706.0,20056607.0,19327543.0,0.0,0.0
41610,광주시,2021-02,9412.0,9002159.0,7854216.0,0.0,0.0,0.0,0.0,0.0
41210,광명시,2021-02,8338.0,6043489.0,5358256.0,0.0,0.0,0.0,0.0,0.0
41410,군포시,2021-02,8321.0,8468384.0,7689732.0,0.0,0.0,0.0,0.0,0.0
41450,하남시,2021-02,8152.0,14783500.0,10857874.0,0.0,0.0,0.0,0.0,0.0
41370,오산시,2021-02,8770.0,7740070.0,6353929.0,0.0,0.0,0.0,0.0,0.0
41630,양주시,2021-02,6544.0,3394909.0,2614832.0,0.0,0.0,0.0,0.0,0.0
41500,이천시,2021-02,7372.0,3633652.0,3211251.0,0.0,0.0,0.0,0.0,0.0
41310,구리시,2021-02,5096.0,4062873.0,3846032.0,0.0,0.0,0.0,0.0,0.0
41550,안성시,2021-02,6905.0,5682171.0,4467279.0,0.0,0.0,0.0,0.0,0.0
41650,포천시,2021-02,8257.0,1493885.0,945795.0,0.0,0.0,0.0,242645.0,278466.0
41430,의왕시,2021-02,5412.0,2491445.0,1891174.0,0.0,0.0,0.0,320210.0,302920.0
41830,양평군,2021-02,3704.0,4462006.0,3998809.0,0.0,0.0,0.0,0.0,0.0
41670,여주시,2021-02,3502.0,1903007.0,2020585.0,0.0,0.0,0.0,0.0,0.0
41250,동두천시,2021-02,4916.0,1015736.0,1480880.0,0.0,0.0,0.0,0.0,0.0
41820,가평군,2021-02,1809.0,912711.0,805968.0,0.0,0.0,0.0,143740.0,138405.0
41290,과천시,2021-02,1975.0,2315752.0,1923395.0,0.0,0.0,0.0,689980.0,724710.0
41800,연천군,2021-02,974.0,597385.0,608880.0,0.0,0.0,0.0,0.0,0.0
41110,수원시,2021-03,17865.0,22486684.0,16312959.0,0.0,0.0,0.0,0.0,0.0
41280,고양시,2021-03,18749.0,17652128.0,13760292.0,0.0,0.0,0.0,0.0,0.0
41460,용인시,2021-03,15668.0,20271369.0,15622752.0,0.0,0.0,0.0,0.0,0.0
41130,성남시,2021-03,0.0,5392820.0,4652379.0,15932.0,24419215.0,18140554.0,10673150.0,8981615.0
41190,부천시,2021-03,13354.0,15601117.0,12756248.0,0.0,0.0,0.0,0.0,0.0
41590,화성시,2021-03,13378.0,18016255.0,20192514.0,0.0,0.0,0.0,0.0,0.0
41270,안산시,2021-03,14415.0,21556181.0,17026020.0,0.0,0.0,0.0,2544045.0,2334875.0
41360,남양주시,2021-03,9903.0,11003701.0,8977763.0,0.0,0.0,0.0,0.0,0.0
41170,안양시,2021-03,9866.0,7897018.0,6253832.0,0.0,0.0,0.0,2075656.0,1982520.0
41220,평택시,2021-03,9599.0,7538562.0,6025676.0,0.0,0.0,0.0,4780455.0,4639920.0
41390,시흥시,2021-03,0.0,0.0,0.0,7309.0,17151386.0,15098404.0,2766394.0,2540388.0
41480,파주시,2021-03,8565.0,7111915.0,6135793.0,0.0,0.0,0.0,0.0,0.0
41150,의정부시,2021-03,7582.0,8238511.0,5773807.0,0.0,0.0,0.0,0.0,0.0
41570,김포시,2021-03,0.0,0.0,0.0,4157.0,20056607.0,19327543.0,0.0,0.0
41610,광주시,2021-03,6676.0,9002159.0,7854216.0,0.0,0.0,0.0,0.0,0.0
41210,광명시,2021-03,5094.0,6043489.0,5358256.0,0.0,0.0,0.0,0.0,0.0
41410,군포시,2021-03,4756.0,8468384.0,7689732.0,0.0,0.0,0.0,0.0,0.0
41450,하남시,2021-03,5811.0,14783500.0,10857874.0,0.0,0.0,0.0,0.0,0.0
41370,오산시,2021-03,5810.0,7740070.0,6353929.0,0.0,0.0,0.0,0.0,0.0
41630,양주시,2021-03,3480.0,3394909.0,2614832.0,0.0,0.0,0.0,0.0,0.0
41500,이천시,2021-03,3254.0,3633652.0,3211251.0,0.0,0.0,0.0,0.0,0.0
41310,구리시,2021-03,3352.0,4062873.0,3846032.0,0.0,0.0,0.0,0.0,0.0
41550,안성시,2021-03,4061.0,5682171.0,4467279.0,0.0,0.0,0.0,0.0,0.0
41650,포천시,2021-03,5712.0,1493885.0,945795.0,0.0,0.0,0.0,242645.0,278466.0
41430,의왕시,2021-03,2911.0,2491445.0,1891174.0,0.0,0.0,0.0,320210.0,302920.0
41830,양평군,2021-03,5670.0,4462006.0,3998809.0,0.0,0.0,0.0,0.0,0.0
41670,여주시,2021-03,2011.0,1903007.0,2020585.0,0.0,0.0,0.0,0.0,0.0
41250,동두천시,2021-03,1650.0,1015736.0,1480880.0,0.0,0.0,0.0,0.0,0.0
41820,가평군,2021-03,1084.0,912711.0,805968.0,0.0,0.0,0.0,143740.0,138405.0
41290,과천시,2021-03,1997.0,2315752.0,1923395.0,0.0,0.0,0.0,689980.0,724710.0
41800,연천군,2021-03,961.0,597385.0,608880.0,0.0,0.0,0.0,0.0,0.0
41110,수원시,2019-01,0.0,0.0,0.0,0.0,0.0,0.0,0.0,0.0
41280,고양시,2019-01,0.0,0.0,0.0,0.0,0.0,0.0,0.0,0.0
41460,용인시,2019-01,0.0,0.0,0.0,0.0,0.0,0.0,0.0,0.0
41130,성남시,2019-01,0.0,4792280.0,3963836.0,0.0,0.0,0.0,3226900.0,2404515.0
41190,부천시,2019-01,0.0,0.0,0.0,0.0,0.0,0.0,0.0,0.0
41590,화성시,2019-01,0.0,0.0,0.0,0.0,0.0,0.0,0.0,0.0
41270,안산시,2019-01,0.0,0.0,0.0,0.0,0.0,0.0,0.0,0.0
41360,남양주시,2019-01,0.0,0.0,0.0,0.0,0.0,0.0,0.0,0.0
41170,안양시,2019-01,0.0,0.0,0.0,0.0,0.0,0.0,2732790.0,1360330.0
41220,평택시,2019-01,0.0,0.0,0.0,0.0,0.0,0.0,1205415.0,241055.0
41390,시흥시,2019-01,0.0,0.0,0.0,813.0,0.0,0.0,3478510.0,1282257.0
41480,파주시,2019-01,0.0,0.0,0.0,0.0,0.0,0.0,0.0,0.0
41150,의정부시,2019-01,0.0,0.0,0.0,0.0,0.0,0.0,0.0,0.0
41570,김포시,2019-01,0.0,0.0,0.0,0.0,0.0,0.0,0.0,0.0
41610,광주시,2019-01,0.0,0.0,0.0,0.0,0.0,0.0,0.0,0.0
41210,광명시,2019-01,0.0,0.0,0.0,0.0,0.0,0.0,0.0,0.0
41410,군포시,2019-01,0.0,0.0,0.0,0.0,0.0,0.0,0.0,0.0
41450,하남시,2019-01,0.0,0.0,0.0,0.0,0.0,0.0,0.0,0.0
41370,오산시,2019-01,0.0,0.0,0.0,0.0,0.0,0.0,0.0,0.0
41630,양주시,2019-01,0.0,0.0,0.0,0.0,0.0,0.0,0.0,0.0
41500,이천시,2019-01,0.0,0.0,0.0,0.0,0.0,0.0,0.0,0.0
41310,구리시,2019-01,0.0,0.0,0.0,0.0,0.0,0.0,0.0,0.0
41550,안성시,2019-01,0.0,0.0,0.0,0.0,0.0,0.0,0.0,0.0
41650,포천시,2019-01,0.0,0.0,0.0,0.0,0.0,0.0,0.0,0.0
41430,의왕시,2019-01,0.0,0.0,0.0,0.0,0.0,0.0,454670.0,72055.0
41830,양평군,2019-01,0.0,0.0,0.0,0.0,0.0,0.0,0.0,0.0
41670,여주시,2019-01,0.0,0.0,0.0,0.0,0.0,0.0,0.0,0.0
41250,동두천시,2019-01,0.0,0.0,0.0,0.0,0.0,0.0,0.0,0.0
41820,가평군,2019-01,0.0,0.0,0.0,0.0,0.0,0.0,153685.0,114460.0
41290,과천시,2019-01,0.0,0.0,0.0,0.0,0.0,0.0,0.0,0.0
41800,연천군,2019-01,0.0,0.0,0.0,0.0,0.0,0.0,0.0,0.0
41110,수원시,2019-02,0.0,0.0,0.0,0.0,0.0,0.0,0.0,0.0
41280,고양시,2019-02,0.0,0.0,0.0,0.0,0.0,0.0,0.0,0.0
41460,용인시,2019-02,0.0,0.0,0.0,0.0,0.0,0.0,0.0,0.0
41130,성남시,2019-02,0.0,4861360.0,3557059.0,0.0,48900.0,4875.0,1476575.0,2160670.0
41190,부천시,2019-02,0.0,0.0,0.0,0.0,0.0,0.0,0.0,0.0
41590,화성시,2019-02,0.0,0.0,0.0,0.0,0.0,0.0,0.0,0.0
41270,안산시,2019-02,0.0,0.0,0.0,0.0,0.0,0.0,0.0,0.0
41360,남양주시,2019-02,0.0,0.0,0.0,0.0,0.0,0.0,0.0,0.0
41170,안양시,2019-02,0.0,0.0,0.0,0.0,0.0,0.0,757980.0,1426420.0
41220,평택시,2019-02,0.0,0.0,0.0,0.0,0.0,0.0,582140.0,441325.0
41390,시흥시,2019-02,0.0,0.0,0.0,6526.0,692150.0,113004.0,347883.0,1097780.0
41480,파주시,2019-02,0.0,0.0,0.0,0.0,0.0,0.0,0.0,0.0
41150,의정부시,2019-02,0.0,0.0,0.0,0.0,0.0,0.0,0.0,0.0
41570,김포시,2019-02,0.0,0.0,0.0,0.0,0.0,0.0,0.0,0.0
41610,광주시,2019-02,0.0,0.0,0.0,0.0,0.0,0.0,0.0,0.0
41210,광명시,2019-02,0.0,0.0,0.0,0.0,0.0,0.0,0.0,0.0
41410,군포시,2019-02,0.0,0.0,0.0,0.0,0.0,0.0,0.0,0.0
41450,하남시,2019-02,0.0,0.0,0.0,0.0,0.0,0.0,0.0,0.0
41370,오산시,2019-02,0.0,0.0,0.0,0.0,0.0,0.0,0.0,0.0
41630,양주시,2019-02,0.0,0.0,0.0,0.0,0.0,0.0,0.0,0.0
41500,이천시,2019-02,0.0,0.0,0.0,0.0,0.0,0.0,0.0,0.0
41310,구리시,2019-02,0.0,0.0,0.0,0.0,0.0,0.0,0.0,0.0
41550,안성시,2019-02,0.0,0.0,0.0,0.0,0.0,0.0,0.0,0.0
41650,포천시,2019-02,0.0,0.0,0.0,0.0,0.0,0.0,0.0,0.0
41430,의왕시,2019-02,0.0,0.0,0.0,0.0,0.0,0.0,684815.0,405180.0
41830,양평군,2019-02,0.0,0.0,0.0,0.0,0.0,0.0,0.0,0.0
41670,여주시,2019-02,0.0,0.0,0.0,0.0,0.0,0.0,0.0,0.0
41250,동두천시,2019-02,0.0,0.0,0.0,0.0,0.0,0.0,0.0,0.0
41820,가평군,2019-02,0.0,0.0,0.0,0.0,0.0,0.0,95445.0,129565.0
41290,과천시,2019-02,0.0,0.0,0.0,0.0,0.0,0.0,0.0,0.0
41800,연천군,2019-02,0.0,0.0,0.0,0.0,0.0,0.0,0.0,0.0
41110,수원시,2019-03,4.0,0.0,0.0,0.0,0.0,0.0,0.0,0.0
41280,고양시,2019-03,0.0,0.0,0.0,0.0,0.0,0.0,0.0,0.0
41460,용인시,2019-03,0.0,0.0,0.0,0.0,0.0,0.0,0.0,0.0
41130,성남시,2019-03,0.0,4712220.0,4796227.0,2705.0,0.0,15888.0,1380050.0,1782710.0
41190,부천시,2019-03,8.0,0.0,0.0,0.0,0.0,0.0,0.0,0.0
41590,화성시,2019-03,0.0,0.0,0.0,0.0,0.0,0.0,0.0,0.0
41270,안산시,2019-03,3.0,0.0,0.0,0.0,0.0,0.0,0.0,0.0
41360,남양주시,2019-03,0.0,0.0,0.0,0.0,0.0,0.0,0.0,0.0
41170,안양시,2019-03,0.0,0.0,0.0,0.0,0.0,0.0,639760.0,822895.0
41220,평택시,2019-03,0.0,0.0,0.0,0.0,0.0,0.0,264940.0,315370.0
41390,시흥시,2019-03,0.0,0.0,0.0,5175.0,1568735.0,765457.0,261345.0,802963.0
41480,파주시,2019-03,0.0,0.0,0.0,0.0,0.0,0.0,0.0,0.0
41150,의정부시,2019-03,0.0,0.0,0.0,0.0,0.0,0.0,0.0,0.0
41570,김포시,2019-03,0.0,0.0,0.0,509.0,7705.0,5791.0,0.0,0.0
41610,광주시,2019-03,0.0,0.0,0.0,0.0,0.0,0.0,0.0,0.0
41210,광명시,2019-03,9.0,0.0,0.0,0.0,0.0,0.0,0.0,0.0
41410,군포시,2019-03,0.0,0.0,0.0,0.0,0.0,0.0,0.0,0.0
41450,하남시,2019-03,0.0,0.0,0.0,0.0,0.0,0.0,0.0,0.0
41370,오산시,2019-03,1.0,0.0,0.0,0.0,0.0,0.0,0.0,0.0
41630,양주시,2019-03,470.0,198393.0,10361.0,0.0,0.0,0.0,0.0,0.0
41500,이천시,2019-03,0.0,0.0,0.0,0.0,0.0,0.0,0.0,0.0
41310,구리시,2019-03,0.0,0.0,0.0,0.0,0.0,0.0,0.0,0.0
41550,안성시,2019-03,597.0,0.0,0.0,0.0,0.0,0.0,0.0,0.0
41650,포천시,2019-03,0.0,0.0,0.0,0.0,0.0,0.0,0.0,0.0
41430,의왕시,2019-03,0.0,0.0,0.0,0.0,0.0,0.0,246095.0,349435.0
41830,양평군,2019-03,1.0,0.0,0.0,0.0,0.0,0.0,0.0,0.0
41670,여주시,2019-03,106.0,0.0,0.0,0.0,0.0,0.0,0.0,0.0
41250,동두천시,2019-03,0.0,0.0,0.0,0.0,0.0,0.0,0.0,0.0
41820,가평군,2019-03,1.0,0.0,0.0,0.0,0.0,0.0,120915.0,129565.0
41290,과천시,2019-03,0.0,0.0,0.0,0.0,0.0,0.0,0.0,0.0
41800,연천군,2019-03,0.0,0.0,0.0,0.0,0.0,0.0,0.0,0.0
41110,수원시,2019-04,4505.0,924101.0,151025.0,0.0,0.0,0.0,0.0,0.0
41280,고양시,2019-04,76.0,9255.0,1370.0,0.0,0.0,0.0,0.0,0.0
41460,용인시,2019-04,2167.0,685295.0,78578.0,0.0,0.0,0.0,0.0,0.0
41130,성남시,2019-04,0.0,5464570.0,4407860.0,4455.0,58670.0,43124.0,1198905.0,1694895.0
41190,부천시,2019-04,6732.0,1714964.0,375329.0,0.0,0.0,0.0,0.0,0.0
41590,화성시,2019-04,4826.0,1476982.0,204210.0,0.0,0.0,0.0,0.0,0.0
41270,안산시,2019-04,1894.0,583352.0,119657.0,0.0,0.0,0.0,514895.0,107725.0
41360,남양주시,2019-04,714.0,188922.0,8609.0,0.0,0.0,0.0,0.0,0.0
41170,안양시,2019-04,549.0,293500.0,4220.0,0.0,0.0,0.0,881925.0,941910.0
41220,평택시,2019-04,0.0,0.0,0.0,0.0,0.0,0.0,259285.0,324270.0
41390,시흥시,2019-04,0.0,0.0,0.0,3599.0,258405.0,650751.0,308464.0,558663.0
41480,파주시,2019-04,51.0,6890.0,1818.0,0.0,0.0,0.0,0.0,0.0
41150,의정부시,2019-04,844.0,196508.0,15564.0,0.0,0.0,0.0,0.0,0.0
41570,김포시,2019-04,0.0,0.0,0.0,5447.0,698220.0,382635.0,0.0,0.0
41610,광주시,2019-04,740.0,79277.0,13738.0,0.0,0.0,0.0,0.0,0.0
41210,광명시,2019-04,1477.0,502905.0,66934.0,0.0,0.0,0.0,0.0,0.0
41410,군포시,2019-04,1866.0,736934.0,160255.0,0.0,0.0,0.0,0.0,0.0
41450,하남시,2019-04,68.0,13630.0,1788.0,0.0,0.0,0.0,0.0,0.0
41370,오산시,2019-04,1612.0,305350.0,81128.0,0.0,0.0,0.0,0.0,0.0
41630,양주시,2019-04,2179.0,857718.0,293528.0,0.0,0.0,0.0,0.0,0.0
41500,이천시,2019-04,1512.0,277167.0,29224.0,0.0,0.0,0.0,0.0,0.0
41310,구리시,2019-04,0.0,0.0,0.0,0.0,0.0,0.0,0.0,0.0
41550,안성시,2019-04,1101.0,1804331.0,632725.0,0.0,0.0,0.0,0.0,0.0
41650,포천시,2019-04,28.0,15000.0,82.0,0.0,0.0,0.0,365455.0,88715.0
41430,의왕시,2019-04,0.0,0.0,0.0,0.0,0.0,0.0,346665.0,406845.0
41830,양평군,2019-04,662.0,182459.0,52536.0,0.0,0.0,0.0,0.0,0.0
41670,여주시,2019-04,810.0,232163.0,58221.0,0.0,0.0,0.0,0.0,0.0
41250,동두천시,2019-04,1245.0,264234.0,66999.0,0.0,0.0,0.0,0.0,0.0
41820,가평군,2019-04,87.0,8870.0,2187.0,0.0,0.0,0.0,64575.0,93815.0
41290,과천시,2019-04,99.0,25376.0,1162.0,0.0,0.0,0.0,297220.0,28865.0
41800,연천군,2019-04,0.0,0.0,0.0,0.0,0.0,0.0,0.0,0.0
41110,수원시,2019-05,17303.0,5567256.0,1917645.0,0.0,0.0,0.0,0.0,0.0
41280,고양시,2019-05,13077.0,3133495.0,1021417.0,0.0,0.0,0.0,0.0,0.0
41460,용인시,2019-05,10678.0,3419623.0,986873.0,0.0,0.0,0.0,0.0,0.0
41130,성남시,2019-05,0.0,6557190.0,5392838.0,3800.0,764700.0,249194.0,1441505.0,1631190.0
41190,부천시,2019-05,11617.0,4024162.0,1720872.0,0.0,0.0,0.0,0.0,0.0
41590,화성시,2019-05,10661.0,4449088.0,1392631.0,0.0,0.0,0.0,0.0,0.0
41270,안산시,2019-05,9314.0,2613431.0,1191393.0,0.0,0.0,0.0,828900.0,333283.0
41360,남양주시,2019-05,8926.0,3084237.0,978176.0,0.0,0.0,0.0,0.0,0.0
41170,안양시,2019-05,5365.0,1509000.0,542444.0,0.0,0.0,0.0,828715.0,982815.0
41220,평택시,2019-05,3145.0,820000.0,252245.0,0.0,0.0,0.0,983180.0,595110.0
41390,시흥시,2019-05,0.0,0.0,0.0,3406.0,1448555.0,1035142.0,263953.0,460475.0
41480,파주시,2019-05,3573.0,1167228.0,301540.0,0.0,0.0,0.0,0.0,0.0
41150,의정부시,2019-05,6940.0,2144866.0,661941.0,0.0,0.0,0.0,0.0,0.0
41570,김포시,2019-05,0.0,0.0,0.0,10319.0,1753350.0,811547.0,0.0,0.0
41610,광주시,2019-05,4128.0,1140948.0,486051.0,0.0,0.0,0.0,0.0,0.0
41210,광명시,2019-05,3830.0,1010098.0,531315.0,0.0,0.0,0.0,0.0,0.0
41410,군포시,2019-05,6147.0,2341957.0,1061666.0,0.0,0.0,0.0,0.0,0.0
41450,하남시,2019-05,4291.0,2415632.0,430476.0,0.0,0.0,0.0,0.0,0.0
41370,오산시,2019-05,3535.0,1142898.0,574244.0,0.0,0.0,0.0,0.0,0.0
41630,양주시,2019-05,2879.0,1159251.0,750973.0,0.0,0.0,0.0,0.0,0.0
41500,이천시,2019-05,1829.0,576704.0,297909.0,0.0,0.0,0.0,0.0,0.0
41310,구리시,2019-05,2625.0,693291.0,116924.0,0.0,0.0,0.0,0.0,0.0
41550,안성시,2019-05,2480.0,810440.0,831924.0,0.0,0.0,0.0,0.0,0.0
41650,포천시,2019-05,1007.0,277750.0,86810.0,0.0,0.0,0.0,45725.0,112035.0
41430,의왕시,2019-05,1490.0,439750.0,123623.0,0.0,0.0,0.0,363740.0,411320.0
41830,양평군,2019-05,2307.0,848719.0,498041.0,0.0,0.0,0.0,0.0,0.0
41670,여주시,2019-05,1122.0,352931.0,233277.0,0.0,0.0,0.0,0.0,0.0
41250,동두천시,2019-05,1260.0,383375.0,244807.0,0.0,0.0,0.0,0.0,0.0
41820,가평군,2019-05,506.0,109979.0,59447.0,0.0,0.0,0.0,73435.0,96675.0
41290,과천시,2019-05,2356.0,738301.0,164238.0,0.0,0.0,0.0,1189245.0,383995.0
41800,연천군,2019-05,233.0,36993.0,1224.0,0.0,0.0,0.0,0.0,0.0
41110,수원시,2019-06,4973.0,1344420.0,2083801.0,0.0,0.0,0.0,0.0,0.0
41280,고양시,2019-06,4368.0,1094818.0,1478659.0,0.0,0.0,0.0,0.0,0.0
41460,용인시,2019-06,3638.0,983380.0,1596519.0,0.0,0.0,0.0,0.0,0.0
41130,성남시,2019-06,0.0,4957850.0,4948054.0,2333.0,233360.0,324462.0,1821495.0,1426035.0
41190,부천시,2019-06,9827.0,3963683.0,2912659.0,0.0,0.0,0.0,0.0,0.0
41590,화성시,2019-06,4067.0,1224297.0,2110885.0,0.0,0.0,0.0,0.0,0.0
41270,안산시,2019-06,3607.0,1534064.0,1676041.0,0.0,0.0,0.0,1469125.0,1014807.0
41360,남양주시,2019-06,1911.0,601904.0,1196121.0,0.0,0.0,0.0,0.0,0.0
41170,안양시,2019-06,898.0,308500.0,547073.0,0.0,0.0,0.0,870085.0,895365.0
41220,평택시,2019-06,467.0,111500.0,356028.0,0.0,0.0,0.0,172730.0,476175.0
41390,시흥시,2019-06,0.0,0.0,0.0,1937.0,456140.0,832379.0,228426.0,379673.0
41480,파주시,2019-06,1976.0,429033.0,528784.0,0.0,0.0,0.0,0.0,0.0
41150,의정부시,2019-06,1648.0,452275.0,964767.0,0.0,0.0,0.0,0.0,0.0
41570,김포시,2019-06,0.0,0.0,0.0,14337.0,4105444.0,1721558.0,0.0,0.0
41610,광주시,2019-06,1336.0,388335.0,455882.0,0.0,0.0,0.0,0.0,0.0
41210,광명시,2019-06,1246.0,354583.0,544691.0,0.0,0.0,0.0,0.0,0.0
41410,군포시,2019-06,3427.0,2379979.0,1688951.0,0.0,0.0,0.0,0.0,0.0
41450,하남시,2019-06,3254.0,1759139.0,1478470.0,0.0,0.0,0.0,0.0,0.0
41370,오산시,2019-06,1045.0,347162.0,556817.0,0.0,0.0,0.0,0.0,0.0
41630,양주시,2019-06,1096.0,695342.0,775029.0,0.0,0.0,0.0,0.0,0.0
41500,이천시,2019-06,1076.0,738015.0,379172.0,0.0,0.0,0.0,0.0,0.0
41310,구리시,2019-06,1359.0,509439.0,387779.0,0.0,0.0,0.0,0.0,0.0
41550,안성시,2019-06,1197.0,782853.0,783255.0,0.0,0.0,0.0,0.0,0.0
41650,포천시,2019-06,248.0,89250.0,133021.0,0.0,0.0,0.0,77680.0,97535.0
41430,의왕시,2019-06,267.0,86500.0,159524.0,0.0,0.0,0.0,312375.0,378815.0
41830,양평군,2019-06,1195.0,779032.0,726280.0,0.0,0.0,0.0,0.0,0.0
41670,여주시,2019-06,471.0,204306.0,229702.0,0.0,0.0,0.0,0.0,0.0
41250,동두천시,2019-06,337.0,113310.0,210580.0,0.0,0.0,0.0,0.0,0.0
41820,가평군,2019-06,238.0,84932.0,75007.0,0.0,0.0,0.0,63805.0,59540.0
41290,과천시,2019-06,600.0,163510.0,291385.0,0.0,0.0,0.0,171720.0,494290.0
41800,연천군,2019-06,1099.0,285454.0,141752.0,0.0,0.0,0.0,0.0,0.0
41110,수원시,2019-07,8832.0,4603370.0,2782821.0,0.0,0.0,0.0,0.0,0.0
41280,고양시,2019-07,11964.0,6565309.0,2688638.0,0.0,0.0,0.0,0.0,0.0
41460,용인시,2019-07,5755.0,3105145.0,1845927.0,0.0,0.0,0.0,0.0,0.0
41130,성남시,2019-07,0.0,6224430.0,5186416.0,2967.0,709165.0,522953.0,1160895.0,1632295.0
41190,부천시,2019-07,9659.0,4603626.0,4058112.0,0.0,0.0,0.0,0.0,0.0
41590,화성시,2019-07,5995.0,3966870.0,2868233.0,0.0,0.0,0.0,0.0,0.0
41270,안산시,2019-07,5208.0,3227235.0,2337934.0,0.0,0.0,0.0,713370.0,752495.0
41360,남양주시,2019-07,3630.0,2021227.0,1383395.0,0.0,0.0,0.0,0.0,0.0
41170,안양시,2019-07,3039.0,1845500.0,792616.0,0.0,0.0,0.0,747075.0,859925.0
41220,평택시,2019-07,1789.0,1115500.0,482140.0,0.0,0.0,0.0,350515.0,412745.0
41390,시흥시,2019-07,0.0,0.0,0.0,7204.0,4102365.0,1834201.0,190372.0,263352.0
41480,파주시,2019-07,5068.0,2143997.0,945258.0,0.0,0.0,0.0,0.0,0.0
41150,의정부시,2019-07,2572.0,1529851.0,944763.0,0.0,0.0,0.0,0.0,0.0
41570,김포시,2019-07,0.0,0.0,0.0,7707.0,2877004.0,3081677.0,0.0,0.0
41610,광주시,2019-07,1977.0,1067973.0,619798.0,0.0,0.0,0.0,0.0,0.0
41210,광명시,2019-07,2997.0,1693869.0,884905.0,0.0,0.0,0.0,0.0,0.0
41410,군포시,2019-07,2219.0,1980499.0,2154009.0,0.0,0.0,0.0,0.0,0.0
41450,하남시,2019-07,2085.0,1621539.0,1872651.0,0.0,0.0,0.0,0.0,0.0
41820,가평군,2020-07,533.0,676234.0,732454.0,0.0,0.0,0.0,115400.0,113895.0
41290,과천시,2020-07,1263.0,2173031.0,1917034.0,0.0,0.0,0.0,1505010.0,1158180.0
41800,연천군,2020-07,517.0,583525.0,638324.0,0.0,0.0,0.0,0.0,0.0
41110,수원시,2020-08,7313.0,12432450.0,14936520.0,0.0,0.0,0.0,0.0,0.0
41280,고양시,2020-08,7545.0,22718749.0,16103409.0,0.0,0.0,0.0,0.0,0.0
41460,용인시,2020-08,6460.0,10857851.0,12715453.0,0.0,0.0,0.0,0.0,0.0
41130,성남시,2020-08,0.0,5528650.0,7192056.0,10125.0,11128450.0,7372384.0,10448135.0,7206645.0
41190,부천시,2020-08,6190.0,11113717.0,14285179.0,0.0,0.0,0.0,0.0,0.0
41590,화성시,2020-08,5147.0,23911858.0,25833815.0,0.0,0.0,0.0,0.0,0.0
41270,안산시,2020-08,7413.0,17843945.0,19984061.0,0.0,0.0,0.0,2197970.0,1861210.0
41360,남양주시,2020-08,4061.0,7655048.0,9086630.0,0.0,0.0,0.0,0.0,0.0
41170,안양시,2020-08,4680.0,4399286.0,4849452.0,0.0,0.0,0.0,1585910.0,1662365.0
41220,평택시,2020-08,3755.0,2734758.0,2905083.0,0.0,0.0,0.0,3658720.0,5101120.0
41390,시흥시,2020-08,0.0,0.0,0.0,4314.0,11981255.0,12272830.0,2711570.0,4511624.0
41480,파주시,2020-08,2646.0,4218698.0,4501398.0,0.0,0.0,0.0,0.0,0.0
41150,의정부시,2020-08,2469.0,3544572.0,4258150.0,0.0,0.0,0.0,0.0,0.0
41570,김포시,2020-08,0.0,0.0,0.0,3954.0,14442032.0,12214012.0,0.0,0.0
41610,광주시,2020-08,2537.0,6723209.0,7705561.0,0.0,0.0,0.0,0.0,0.0
41210,광명시,2020-08,2240.0,4151462.0,5334111.0,0.0,0.0,0.0,0.0,0.0
41410,군포시,2020-08,2047.0,5704424.0,6600190.0,0.0,0.0,0.0,0.0,0.0
41450,하남시,2020-08,2815.0,7072406.0,10085827.0,0.0,0.0,0.0,0.0,0.0
41370,오산시,2020-08,2185.0,5805637.0,5204294.0,0.0,0.0,0.0,0.0,0.0
41630,양주시,2020-08,1320.0,2397948.0,2956848.0,0.0,0.0,0.0,0.0,0.0
41500,이천시,2020-08,1285.0,2456137.0,3194053.0,0.0,0.0,0.0,0.0,0.0
41310,구리시,2020-08,2256.0,3169232.0,3885413.0,0.0,0.0,0.0,0.0,0.0
41550,안성시,2020-08,1227.0,3370742.0,4194658.0,0.0,0.0,0.0,0.0,0.0
41650,포천시,2020-08,1241.0,1234382.0,1229009.0,0.0,0.0,0.0,230195.0,231566.0
41430,의왕시,2020-08,1608.0,1247783.0,1430494.0,0.0,0.0,0.0,270140.0,239910.0
41830,양평군,2020-08,864.0,3215380.0,3253873.0,0.0,0.0,0.0,0.0,0.0
41670,여주시,2020-08,871.0,1600221.0,1794943.0,0.0,0.0,0.0,0.0,0.0
41250,동두천시,2020-08,454.0,677602.0,769322.0,0.0,0.0,0.0,0.0,0.0
41820,가평군,2020-08,312.0,597319.0,661956.0,0.0,0.0,0.0,92435.0,102910.0
41290,과천시,2020-08,852.0,1696814.0,1973027.0,0.0,0.0,0.0,562995.0,842030.0
41800,연천군,2020-08,324.0,488162.0,546308.0,0.0,0.0,0.0,0.0,0.0
41110,수원시,2020-09,23091.0,21953819.0,20079845.0,0.0,0.0,0.0,0.0,0.0
41280,고양시,2020-09,20944.0,25220665.0,21980525.0,0.0,0.0,0.0,0.0,0.0
41460,용인시,2020-09,20096.0,18206706.0,16973199.0,0.0,0.0,0.0,0.0,0.0
41130,성남시,2020-09,0.0,5311670.0,7009262.0,32165.0,20027243.0,12155684.0,14630550.0,9409185.0
41190,부천시,2020-09,17027.0,19720378.0,18638189.0,0.0,0.0,0.0,0.0,0.0
41590,화성시,2020-09,11966.0,34415969.0,31935295.0,0.0,0.0,0.0,0.0,0.0
41270,안산시,2020-09,9462.0,25777983.0,25047208.0,0.0,0.0,0.0,2621020.0,2142090.0
41360,남양주시,2020-09,10994.0,10885317.0,11080752.0,0.0,0.0,0.0,0.0,0.0
41170,안양시,2020-09,14046.0,7571997.0,6838623.0,0.0,0.0,0.0,2615665.0,2144675.0
41220,평택시,2020-09,13822.0,6133641.0,4846441.0,0.0,0.0,0.0,5808200.0,4492495.0
41390,시흥시,2020-09,0.0,0.0,0.0,9877.0,15150984.0,14926979.0,3224604.0,4033802.0
41480,파주시,2020-09,7569.0,6867186.0,6330229.0,0.0,0.0,0.0,0.0,0.0
41150,의정부시,2020-09,8245.0,6186426.0,5754601.0,0.0,0.0,0.0,0.0,0.0
41570,김포시,2020-09,0.0,0.0,0.0,10300.0,18320149.0,17678832.0,0.0,0.0
41610,광주시,2020-09,5885.0,10053666.0,9593202.0,0.0,0.0,0.0,0.0,0.0
41210,광명시,2020-09,6892.0,7013531.0,6851110.0,0.0,0.0,0.0,0.0,0.0
41410,군포시,2020-09,5625.0,9592961.0,8789646.0,0.0,0.0,0.0,0.0,0.0
41450,하남시,2020-09,6101.0,13978351.0,12461378.0,0.0,0.0,0.0,0.0,0.0
41370,오산시,2020-09,3028.0,7542900.0,7244711.0,0.0,0.0,0.0,0.0,0.0
41630,양주시,2020-09,3090.0,3503381.0,3426835.0,0.0,0.0,0.0,0.0,0.0
41500,이천시,2020-09,2797.0,3787120.0,3687948.0,0.0,0.0,0.0,0.0,0.0
41310,구리시,2020-09,3060.0,4636510.0,4728126.0,0.0,0.0,0.0,0.0,0.0
41550,안성시,2019-10,1108.0,1413092.0,1118977.0,0.0,0.0,0.0,0.0,0.0
41650,포천시,2019-10,473.0,357000.0,157369.0,0.0,0.0,0.0,45010.0,123188.0
41430,의왕시,2019-10,662.0,483750.0,179232.0,0.0,0.0,0.0,385275.0,574875.0
41830,양평군,2019-10,853.0,1518279.0,1352832.0,0.0,0.0,0.0,0.0,0.0
41670,여주시,2019-10,608.0,527412.0,383929.0,0.0,0.0,0.0,0.0,0.0
41250,동두천시,2019-10,588.0,438698.0,286950.0,0.0,0.0,0.0,0.0,0.0
41820,가평군,2019-10,325.0,257462.0,212087.0,0.0,0.0,0.0,18465.0,87160.0
41290,과천시,2019-10,961.0,786699.0,616182.0,0.0,0.0,0.0,171305.0,418190.0
41800,연천군,2019-10,474.0,416897.0,379401.0,0.0,0.0,0.0,0.0,0.0
41110,수원시,2019-11,3098.0,1706971.0,3309251.0,0.0,0.0,0.0,0.0,0.0
41280,고양시,2019-11,3448.0,2397604.0,4583013.0,0.0,0.0,0.0,0.0,0.0
41460,용인시,2019-11,1976.0,1341027.0,2460996.0,0.0,0.0,0.0,0.0,0.0
41130,성남시,2019-11,0.0,5633310.0,5731457.0,3620.0,753230.0,692448.0,1341400.0,1473555.0
41190,부천시,2019-11,2997.0,2744022.0,4409268.0,0.0,0.0,0.0,0.0,0.0
41590,화성시,2019-11,2312.0,2196869.0,3284905.0,0.0,0.0,0.0,0.0,0.0
41270,안산시,2019-11,2729.0,2978537.0,3096828.0,0.0,0.0,0.0,1869600.0,1296870.0
41360,남양주시,2019-11,2146.0,1571787.0,2183736.0,0.0,0.0,0.0,0.0,0.0
41170,안양시,2019-11,536.0,199250.0,826544.0,0.0,0.0,0.0,1012185.0,1222570.0
41220,평택시,2019-11,192.0,45750.0,535821.0,0.0,0.0,0.0,414710.0,627245.0
41390,시흥시,2019-11,0.0,0.0,0.0,3428.0,3392610.0,3422412.0,1198844.0,978645.0
41480,파주시,2019-11,1179.0,675609.0,1398271.0,0.0,0.0,0.0,0.0,0.0
41150,의정부시,2019-11,1201.0,995490.0,1497901.0,0.0,0.0,0.0,0.0,0.0
41570,김포시,2019-11,0.0,0.0,0.0,2999.0,3436593.0,4460335.0,0.0,0.0
41610,광주시,2019-11,1998.0,1568215.0,1640547.0,0.0,0.0,0.0,0.0,0.0
41210,광명시,2019-11,651.0,524585.0,889573.0,0.0,0.0,0.0,0.0,0.0
41410,군포시,2019-11,843.0,1442764.0,2201774.0,0.0,0.0,0.0,0.0,0.0
41450,하남시,2019-11,1208.0,1338598.0,2414000.0,0.0,0.0,0.0,0.0,0.0
41370,오산시,2019-11,820.0,577092.0,829991.0,0.0,0.0,0.0,0.0,0.0
41630,양주시,2019-11,832.0,952888.0,1121194.0,0.0,0.0,0.0,0.0,0.0
41500,이천시,2019-11,520.0,400362.0,790194.0,0.0,0.0,0.0,0.0,0.0
41310,구리시,2019-11,505.0,263086.0,611937.0,0.0,0.0,0.0,0.0,0.0
41550,안성시,2019-11,661.0,971395.0,1156531.0,0.0,0.0,0.0,0.0,0.0
41650,포천시,2019-11,144.0,48250.0,178419.0,0.0,0.0,0.0,191300.0,114730.0
41430,의왕시,2019-11,150.0,54250.0,231644.0,0.0,0.0,0.0,266255.0,341145.0
41830,양평군,2019-11,626.0,1446367.0,1435944.0,0.0,0.0,0.0,0.0,0.0
41670,여주시,2019-11,501.0,459288.0,438656.0,0.0,0.0,0.0,0.0,0.0
41250,동두천시,2019-11,261.0,224000.0,305841.0,0.0,0.0,0.0,0.0,0.0
41820,가평군,2019-11,179.0,139483.0,188567.0,0.0,0.0,0.0,110105.0,76155.0
41290,과천시,2019-11,297.0,304364.0,535891.0,0.0,0.0,0.0,225365.0,371615.0
41800,연천군,2019-11,239.0,318329.0,358897.0,0.0,0.0,0.0,0.0,0.0
41110,수원시,2019-12,5879.0,5005054.0,3508175.0,0.0,0.0,0.0,0.0,0.0
41280,고양시,2019-12,6994.0,9138695.0,5652073.0,0.0,0.0,0.0,0.0,0.0
41460,용인시,2019-12,4151.0,3778756.0,2599401.0,0.0,0.0,0.0,0.0,0.0
41130,성남시,2019-12,0.0,7684540.0,6374963.0,2526.0,1216820.0,865903.0,1363170.0,1533605.0
41190,부천시,2019-12,4445.0,5009354.0,4274611.0,0.0,0.0,0.0,0.0,0.0
41590,화성시,2019-12,3461.0,3634851.0,3154866.0,0.0,0.0,0.0,0.0,0.0
41270,안산시,2019-12,4521.0,4484943.0,3699223.0,0.0,0.0,0.0,1843180.0,1949250.0
41360,남양주시,2019-12,4123.0,3936730.0,2669880.0,0.0,0.0,0.0,0.0,0.0
41170,안양시,2019-12,2080.0,1808695.0,943512.0,0.0,0.0,0.0,1038420.0,1333975.0
41220,평택시,2019-12,1351.0,1193695.0,627634.0,0.0,0.0,0.0,1724180.0,1006210.0
41390,시흥시,2019-12,0.0,0.0,0.0,5439.0,6246740.0,4355042.0,1390687.0,1424437.0
41480,파주시,2019-12,3316.0,2656670.0,1731482.0,0.0,0.0,0.0,0.0,0.0
41150,의정부시,2019-12,2452.0,2341192.0,1562841.0,0.0,0.0,0.0,0.0,0.0
41570,김포시,2019-12,0.0,0.0,0.0,3978.0,4551826.0,4776626.0,0.0,0.0
41610,광주시,2019-12,2265.0,2185166.0,1840286.0,0.0,0.0,0.0,0.0,0.0
41210,광명시,2019-12,1328.0,1307969.0,931750.0,0.0,0.0,0.0,0.0,0.0
41410,군포시,2019-12,2003.0,3962529.0,2832124.0,0.0,0.0,0.0,0.0,0.0
41450,하남시,2019-12,1186.0,1969308.0,2230556.0,0.0,0.0,0.0,0.0,0.0
41370,오산시,2019-12,1645.0,1744017.0,1158806.0,0.0,0.0,0.0,0.0,0.0
41630,양주시,2019-12,1187.0,1531699.0,1249299.0,0.0,0.0,0.0,0.0,0.0
41500,이천시,2019-12,1298.0,1457571.0,859785.0,0.0,0.0,0.0,0.0,0.0
41310,구리시,2019-12,1182.0,1206967.0,745319.0,0.0,0.0,0.0,0.0,0.0
41550,안성시,2019-12,911.0,1560644.0,1255819.0,0.0,0.0,0.0,0.0,0.0
41650,포천시,2019-12,982.0,472949.0,243033.0,0.0,0.0,0.0,200100.0,181682.0
41430,의왕시,2019-12,555.0,487104.0,244735.0,0.0,0.0,0.0,305280.0,465005.0
41830,양평군,2019-12,550.0,1013003.0,1160143.0,0.0,0.0,0.0,0.0,0.0
41670,여주시,2019-12,938.0,775816.0,628414.0,0.0,0.0,0.0,0.0,0.0
41250,동두천시,2019-12,428.0,461713.0,341334.0,0.0,0.0,0.0,0.0,0.0
41820,가평군,2019-12,289.0,247214.0,201657.0,0.0,0.0,0.0,101395.0,84750.0
41290,과천시,2019-12,436.0,492514.0,548608.0,0.0,0.0,0.0,251725.0,353055.0
41800,연천군,2019-12,349.0,588724.0,399755.0,0.0,0.0,0.0,0.0,0.0
41110,수원시,2020-01,5948.0,4803386.0,3644121.0,0.0,0.0,0.0,0.0,0.0
41280,고양시,2020-01,6758.0,9669657.0,6403636.0,0.0,0.0,0.0,0.0,0.0
41460,용인시,2020-01,5445.0,4286526.0,3294777.0,0.0,0.0,0.0,0.0,0.0
41130,성남시,2020-01,0.0,5502150.0,5737282.0,2356.0,1397215.0,1059452.0,4451005.0,2441340.0
41190,부천시,2020-01,5528.0,8489107.0,5689982.0,0.0,0.0,0.0,0.0,0.0
41590,화성시,2020-01,5321.0,5430627.0,4142140.0,0.0,0.0,0.0,0.0,0.0
41270,안산시,2020-01,4540.0,5766763.0,4216524.0,0.0,0.0,0.0,3766425.0,1945540.0
41360,남양주시,2020-01,3842.0,2468440.0,2822584.0,0.0,0.0,0.0,0.0,0.0
41170,안양시,2020-01,498.0,171461.0,850252.0,0.0,0.0,0.0,5426220.0,3112765.0
41220,평택시,2020-01,256.0,59712.0,502911.0,0.0,0.0,0.0,3015560.0,1805115.0
41390,시흥시,2020-01,0.0,0.0,0.0,4629.0,6174734.0,5415206.0,2259411.0,1509113.0
41480,파주시,2020-01,2962.0,1797790.0,1906166.0,0.0,0.0,0.0,0.0,0.0
41150,의정부시,2020-01,2950.0,1562611.0,1722993.0,0.0,0.0,0.0,0.0,0.0
41570,김포시,2020-01,0.0,0.0,0.0,8342.0,11450843.0,5740248.0,0.0,0.0
41610,광주시,2020-01,2095.0,2554825.0,2128133.0,0.0,0.0,0.0,0.0,0.0
41210,광명시,2020-01,1842.0,1460775.0,1201056.0,0.0,0.0,0.0,0.0,0.0
41410,군포시,2020-01,3076.0,4112492.0,3165515.0,0.0,0.0,0.0,0.0,0.0
41450,하남시,2020-01,3054.0,3964313.0,3047035.0,0.0,0.0,0.0,0.0,0.0
41370,오산시,2020-01,2052.0,1782982.0,1367017.0,0.0,0.0,0.0,0.0,0.0
41630,양주시,2020-01,1136.0,1173914.0,1299145.0,0.0,0.0,0.0,0.0,0.0
41500,이천시,2020-01,1385.0,975970.0,993427.0,0.0,0.0,0.0,0.0,0.0
41310,구리시,2020-01,1289.0,958042.0,831592.0,0.0,0.0,0.0,0.0,0.0
41550,안성시,2020-01,504.0,708225.0,1088321.0,0.0,0.0,0.0,0.0,0.0
41650,포천시,2020-01,492.0,148661.0,243880.0,0.0,0.0,0.0,300340.0,222233.0
41430,의왕시,2020-01,2370.0,545033.0,388718.0,0.0,0.0,0.0,879865.0,500135.0
41830,양평군,2020-01,814.0,1637036.0,1414301.0,0.0,0.0,0.0,0.0,0.0
41670,여주시,2020-01,3230.0,905921.0,742400.0,0.0,0.0,0.0,0.0,0.0
41250,동두천시,2020-01,580.0,495930.0,388233.0,0.0,0.0,0.0,0.0,0.0
41820,가평군,2020-01,338.0,288742.0,247582.0,0.0,0.0,0.0,161750.0,121040.0
41290,과천시,2020-01,935.0,1107789.0,702411.0,0.0,0.0,0.0,836970.0,539720.0
41800,연천군,2020-01,1169.0,550993.0,468822.0,0.0,0.0,0.0,0.0,0.0
41110,수원시,2020-02,9069.0,2178828.0,3042140.0,0.0,0.0,0.0,0.0,0.0
41280,고양시,2020-02,5041.0,6134958.0,5866688.0,0.0,0.0,0.0,0.0,0.0
41460,용인시,2020-02,5842.0,3361100.0,2783503.0,0.0,0.0,0.0,0.0,0.0
41130,성남시,2020-02,0.0,5483070.0,4754951.0,1875.0,1158725.0,1052730.0,1704615.0,2052770.0
41190,부천시,2020-02,3472.0,2653130.0,4387444.0,0.0,0.0,0.0,0.0,0.0
41590,화성시,2020-02,5985.0,5105491.0,4422914.0,0.0,0.0,0.0,0.0,0.0
41270,안산시,2020-02,6629.0,5662230.0,4414614.0,0.0,0.0,0.0,3467310.0,2378960.0
41360,남양주시,2020-02,3432.0,3016233.0,2536472.0,0.0,0.0,0.0,0.0,0.0
41170,안양시,2020-02,372.0,158693.0,424645.0,0.0,0.0,0.0,2496000.0,2740000.0
41220,평택시,2020-02,67.0,23760.0,203131.0,0.0,0.0,0.0,1719960.0,1549775.0
41390,시흥시,2020-02,0.0,0.0,0.0,3842.0,6033535.0,5045466.0,1822367.0,1567396.0
41480,파주시,2020-02,3160.0,2167057.0,1798808.0,0.0,0.0,0.0,0.0,0.0
41150,의정부시,2020-02,1801.0,1451096.0,1447647.0,0.0,0.0,0.0,0.0,0.0
41570,김포시,2020-02,0.0,0.0,0.0,6256.0,9100861.0,7098964.0,0.0,0.0
41610,광주시,2020-02,1812.0,1412908.0,1904151.0,0.0,0.0,0.0,0.0,0.0
41210,광명시,2020-02,2064.0,1712842.0,1132528.0,0.0,0.0,0.0,0.0,0.0
41410,군포시,2020-02,1687.0,1510611.0,2493120.0,0.0,0.0,0.0,0.0,0.0
41450,하남시,2020-02,3240.0,4428066.0,3175335.0,0.0,0.0,0.0,0.0,0.0
41370,오산시,2020-02,1826.0,1608132.0,1371133.0,0.0,0.0,0.0,0.0,0.0
41630,양주시,2020-02,1094.0,1629848.0,1251575.0,0.0,0.0,0.0,0.0,0.0
41500,이천시,2020-02,1272.0,1197195.0,911026.0,0.0,0.0,0.0,0.0,0.0
41310,구리시,2020-02,884.0,779041.0,701499.0,0.0,0.0,0.0,0.0,0.0
41550,안성시,2020-02,478.0,1669644.0,1008571.0,0.0,0.0,0.0,0.0,0.0
41650,포천시,2020-02,1219.0,402926.0,222777.0,0.0,0.0,0.0,213010.0,218688.0
41430,의왕시,2020-02,864.0,223442.0,366635.0,0.0,0.0,0.0,96195.0,214250.0
41830,양평군,2020-02,710.0,1609408.0,1563165.0,0.0,0.0,0.0,0.0,0.0
41670,여주시,2020-02,1321.0,874298.0,752630.0,0.0,0.0,0.0,0.0,0.0
41250,동두천시,2020-02,415.0,336796.0,356096.0,0.0,0.0,0.0,0.0,0.0
41820,가평군,2020-02,211.0,180458.0,230384.0,0.0,0.0,0.0,70190.0,95570.0
41290,과천시,2020-02,366.0,381205.0,594092.0,0.0,0.0,0.0,203015.0,332350.0
41800,연천군,2020-02,355.0,378915.0,418977.0,0.0,0.0,0.0,0.0,0.0
41110,수원시,2020-03,13576.0,7967046.0,4265271.0,0.0,0.0,0.0,0.0,0.0
41280,고양시,2020-03,10166.0,8183828.0,6663098.0,0.0,0.0,0.0,0.0,0.0
41460,용인시,2020-03,12089.0,4982018.0,3672252.0,0.0,0.0,0.0,0.0,0.0
41130,성남시,2020-03,0.0,5474630.0,4760594.0,16346.0,1592910.0,1246612.0,2619015.0,2061670.0
41190,부천시,2020-03,7964.0,8353762.0,5809720.0,0.0,0.0,0.0,0.0,0.0
41590,화성시,2020-03,16286.0,5668442.0,5210973.0,0.0,0.0,0.0,0.0,0.0
41270,안산시,2020-03,9634.0,6497630.0,5584480.0,0.0,0.0,0.0,4081350.0,4174225.0
41360,남양주시,2020-03,4853.0,3607498.0,2855760.0,0.0,0.0,0.0,0.0,0.0
41170,안양시,2020-03,9164.0,1477750.0,731065.0,0.0,0.0,0.0,2002500.0,2030805.0
41220,평택시,2020-03,55.0,18000.0,130667.0,0.0,0.0,0.0,3444905.0,2154005.0
41390,시흥시,2020-03,0.0,0.0,0.0,30868.0,7162604.0,5536576.0,2086553.0,1878214.0
41480,파주시,2020-03,6184.0,2285789.0,2056795.0,0.0,0.0,0.0,0.0,0.0
41150,의정부시,2020-03,3171.0,1644140.0,1553931.0,0.0,0.0,0.0,0.0,0.0
41570,김포시,2020-03,0.0,0.0,0.0,26752.0,11610670.0,8803922.0,0.0,0.0
41610,광주시,2020-03,4528.0,3417305.0,2522458.0,0.0,0.0,0.0,0.0,0.0
41210,광명시,2020-03,6608.0,1816691.0,1364922.0,0.0,0.0,0.0,0.0,0.0
41410,군포시,2020-03,6334.0,4263997.0,3047797.0,0.0,0.0,0.0,0.0,0.0
41450,하남시,2020-03,7450.0,8309745.0,4702156.0,0.0,0.0,0.0,0.0,0.0
41370,오산시,2020-03,3536.0,1941929.0,1611446.0,0.0,0.0,0.0,0.0,0.0
41630,양주시,2020-03,2738.0,1681244.0,1474814.0,0.0,0.0,0.0,0.0,0.0
41500,이천시,2020-03,1881.0,1505731.0,1027687.0,0.0,0.0,0.0,0.0,0.0
41310,구리시,2020-03,3604.0,1573624.0,967174.0,0.0,0.0,0.0,0.0,0.0
41550,안성시,2020-03,1459.0,734522.0,1140927.0,0.0,0.0,0.0,0.0,0.0
41650,포천시,2020-03,942.0,253516.0,315689.0,0.0,0.0,0.0,239025.0,199402.0
41430,의왕시,2020-03,2931.0,691978.0,451880.0,0.0,0.0,0.0,369355.0,415450.0
41830,양평군,2020-03,1429.0,1915783.0,1849147.0,0.0,0.0,0.0,0.0,0.0
41670,여주시,2020-03,1343.0,978128.0,887242.0,0.0,0.0,0.0,0.0,0.0
41250,동두천시,2020-03,1510.0,378383.0,380922.0,0.0,0.0,0.0,0.0,0.0
41820,가평군,2020-03,655.0,389311.0,297771.0,0.0,0.0,0.0,125240.0,118550.0
41290,과천시,2020-03,1004.0,1147878.0,720665.0,0.0,0.0,0.0,1017245.0,604245.0
41800,연천군,2020-03,512.0,420566.0,411900.0,0.0,0.0,0.0,0.0,0.0
41110,수원시,2020-04,203175.0,15060595.0,8229987.0,0.0,0.0,0.0,0.0,0.0
41280,고양시,2020-04,113877.0,10835285.0,8742604.0,0.0,0.0,0.0,0.0,0.0
41460,용인시,2020-04,158406.0,10157656.0,6129972.0,0.0,0.0,0.0,0.0,0.0
41130,성남시,2020-04,0.0,42113040.0,15696427.0,23906.0,2068525.0,1615549.0,3237395.0,2622345.0
41190,부천시,2020-04,51323.0,9257889.0,6736148.0,0.0,0.0,0.0,0.0,0.0
41590,화성시,2020-04,279776.0,56389896.0,25435004.0,0.0,0.0,0.0,0.0,0.0
41270,안산시,2020-04,111340.0,9215535.0,7535829.0,0.0,0.0,0.0,3041950.0,3248230.0
41360,남양주시,2020-04,75201.0,6028294.0,3984384.0,0.0,0.0,0.0,0.0,0.0
41170,안양시,2020-04,31880.0,3377332.0,1811182.0,0.0,0.0,0.0,1806910.0,2025045.0
41220,평택시,2020-04,1966.0,1419517.0,577359.0,0.0,0.0,0.0,3262100.0,1687960.0
41390,시흥시,2020-04,0.0,0.0,0.0,26927.0,9800874.0,7409822.0,2130032.0,1944938.0
41480,파주시,2020-04,41415.0,3350660.0,2651275.0,0.0,0.0,0.0,0.0,0.0
41150,의정부시,2020-04,19800.0,2879002.0,1960736.0,0.0,0.0,0.0,0.0,0.0
41570,김포시,2020-04,0.0,0.0,0.0,28105.0,12543177.0,11536031.0,0.0,0.0
41610,광주시,2020-04,30144.0,4030085.0,3044231.0,0.0,0.0,0.0,0.0,0.0
41210,광명시,2020-04,21799.0,3323583.0,2231284.0,0.0,0.0,0.0,0.0,0.0
41410,군포시,2020-04,42637.0,5374339.0,4204775.0,0.0,0.0,0.0,0.0,0.0
41450,하남시,2020-04,36195.0,6654288.0,5686143.0,0.0,0.0,0.0,0.0,0.0
41370,오산시,2020-04,61363.0,3117247.0,2291339.0,0.0,0.0,0.0,0.0,0.0
41630,양주시,2020-04,19929.0,2079792.0,1678016.0,0.0,0.0,0.0,0.0,0.0
41500,이천시,2020-04,15752.0,1505235.0,1296229.0,0.0,0.0,0.0,0.0,0.0
41310,구리시,2020-04,30323.0,2039056.0,1362573.0,0.0,0.0,0.0,0.0,0.0
41550,안성시,2020-04,24491.0,2776812.0,1390500.0,0.0,0.0,0.0,0.0,0.0
41650,포천시,2020-04,22783.0,719502.0,484425.0,0.0,0.0,0.0,147130.0,206808.0
41430,의왕시,2020-04,6064.0,985907.0,608455.0,0.0,0.0,0.0,325780.0,297680.0
41830,양평군,2020-04,12885.0,2164797.0,1803907.0,0.0,0.0,0.0,0.0,0.0
41670,여주시,2020-04,11540.0,1385591.0,1071248.0,0.0,0.0,0.0,0.0,0.0
41250,동두천시,2020-04,11736.0,631372.0,398864.0,0.0,0.0,0.0,0.0,0.0
41820,가평군,2020-04,6835.0,639698.0,477477.0,0.0,0.0,0.0,116330.0,105960.0
41290,과천시,2020-04,8257.0,1617007.0,940438.0,0.0,0.0,0.0,2082135.0,1339945.0
41800,연천군,2020-04,6508.0,566886.0,520099.0,0.0,0.0,0.0,0.0,0.0
41110,수원시,2020-05,74407.0,17845709.0,15787540.0,0.0,0.0,0.0,0.0,0.0
41280,고양시,2020-05,60602.0,24391234.0,14063170.0,0.0,0.0,0.0,0.0,0.0
41460,용인시,2020-05,64699.0,13264697.0,10642997.0,0.0,0.0,0.0,0.0,0.0
41130,성남시,2020-05,0.0,7785730.0,11694491.0,12494.0,6979008.0,3300486.0,9519015.0,3969085.0
41190,부천시,2020-05,71070.0,13126259.0,10681250.0,0.0,0.0,0.0,0.0,0.0
41590,화성시,2020-05,44065.0,16092276.0,24029352.0,0.0,0.0,0.0,0.0,0.0
41270,안산시,2020-05,164206.0,13076645.0,10221324.0,0.0,0.0,0.0,2288670.0,2567815.0
41360,남양주시,2020-05,31334.0,9153440.0,7633818.0,0.0,0.0,0.0,0.0,0.0
41170,안양시,2020-05,48308.0,5164938.0,3812458.0,0.0,0.0,0.0,1641935.0,1666320.0
41220,평택시,2020-05,24071.0,2389156.0,1768949.0,0.0,0.0,0.0,2700130.0,2102730.0
41390,시흥시,2020-05,0.0,0.0,0.0,11522.0,8037664.0,8285669.0,1594169.0,2504855.0
41480,파주시,2020-05,21202.0,4291716.0,3572944.0,0.0,0.0,0.0,0.0,0.0
41150,의정부시,2020-05,44287.0,4900168.0,3905255.0,0.0,0.0,0.0,0.0,0.0
41570,김포시,2020-05,0.0,0.0,0.0,8633.0,12637710.0,11631447.0,0.0,0.0
41610,광주시,2020-05,51184.0,5864519.0,4777641.0,0.0,0.0,0.0,0.0,0.0
41210,광명시,2020-05,22779.0,4820262.0,3501908.0,0.0,0.0,0.0,0.0,0.0
41410,군포시,2020-05,16685.0,6310698.0,4959716.0,0.0,0.0,0.0,0.0,0.0
41450,하남시,2020-05,13447.0,7519662.0,6550214.0,0.0,0.0,0.0,0.0,0.0
41370,오산시,2020-05,44847.0,4115448.0,3207688.0,0.0,0.0,0.0,0.0,0.0
41630,양주시,2020-05,15596.0,2698361.0,2267605.0,0.0,0.0,0.0,0.0,0.0
41500,이천시,2020-05,17625.0,2874798.0,1963380.0,0.0,0.0,0.0,0.0,0.0
41310,구리시,2020-05,23609.0,2985817.0,2494217.0,0.0,0.0,0.0,0.0,0.0
41550,안성시,2020-05,13487.0,2845198.0,2280185.0,0.0,0.0,0.0,0.0,0.0
41650,포천시,2020-05,26241.0,1032405.0,844934.0,0.0,0.0,0.0,270280.0,200833.0
41430,의왕시,2020-05,14234.0,1573650.0,1103479.0,0.0,0.0,0.0,306430.0,303100.0
41830,양평군,2020-05,4568.0,2315457.0,2077052.0,0.0,0.0,0.0,0.0,0.0
41670,여주시,2020-05,6803.0,1506648.0,1395963.0,0.0,0.0,0.0,0.0,0.0
41250,동두천시,2020-05,4833.0,844959.0,779316.0,0.0,0.0,0.0,0.0,0.0
41820,가평군,2020-05,3425.0,713833.0,642870.0,0.0,0.0,0.0,109725.0,101875.0
41290,과천시,2020-05,2143.0,1390776.0,1051715.0,0.0,0.0,0.0,1161130.0,1013015.0
41800,연천군,2020-05,2189.0,583292.0,572176.0,0.0,0.0,0.0,0.0,0.0
41110,수원시,2020-06,13603.0,17209653.0,15489934.0,0.0,0.0,0.0,0.0,0.0
41280,고양시,2020-06,7044.0,7521775.0,13476552.0,0.0,0.0,0.0,0.0,0.0
41460,용인시,2020-06,7423.0,14282076.0,12874714.0,0.0,0.0,0.0,0.0,0.0
41130,성남시,2020-06,0.0,5619270.0,8433603.0,7816.0,6582880.0,4465689.0,8458715.0,5491755.0
41190,부천시,2020-06,8917.0,12756614.0,11118201.0,0.0,0.0,0.0,0.0,0.0
41590,화성시,2020-06,7321.0,22661074.0,25500594.0,0.0,0.0,0.0,0.0,0.0
41270,안산시,2020-06,33989.0,18862867.0,14286233.0,0.0,0.0,0.0,975777.0,1925315.0
41360,남양주시,2020-06,5399.0,8817257.0,7722837.0,0.0,0.0,0.0,0.0,0.0
41170,안양시,2020-06,4918.0,3966595.0,3543944.0,0.0,0.0,0.0,1768015.0,1576615.0
41220,평택시,2020-06,6075.0,2048620.0,1834371.0,0.0,0.0,0.0,3605750.0,3310620.0
41390,시흥시,2020-06,0.0,0.0,0.0,12182.0,9712172.0,14773695.0,1777505.0,9494372.0
41480,파주시,2020-06,3354.0,4195053.0,4004105.0,0.0,0.0,0.0,0.0,0.0
41150,의정부시,2020-06,3665.0,3906858.0,3776461.0,0.0,0.0,0.0,0.0,0.0
41570,김포시,2020-06,0.0,0.0,0.0,4012.0,12405087.0,15433950.0,0.0,0.0
41610,광주시,2020-06,10557.0,6643099.0,5646692.0,0.0,0.0,0.0,0.0,0.0
41210,광명시,2020-06,3506.0,5191954.0,3993955.0,0.0,0.0,0.0,0.0,0.0
41410,군포시,2020-06,2381.0,7907352.0,5552418.0,0.0,0.0,0.0,0.0,0.0
41450,하남시,2020-06,5434.0,12286334.0,8112187.0,0.0,0.0,0.0,0.0,0.0
41370,오산시,2020-06,8013.0,6245973.0,4680298.0,0.0,0.0,0.0,0.0,0.0
41630,양주시,2020-06,2098.0,2810880.0,2635225.0,0.0,0.0,0.0,0.0,0.0
41500,이천시,2020-06,1966.0,3900291.0,2571334.0,0.0,0.0,0.0,0.0,0.0
41310,구리시,2020-06,10273.0,4262372.0,2391153.0,0.0,0.0,0.0,0.0,0.0
41550,안성시,2020-06,1916.0,3646703.0,3155916.0,0.0,0.0,0.0,0.0,0.0
41650,포천시,2020-06,5012.0,1371460.0,898748.0,0.0,0.0,0.0,292650.0,195947.0
41430,의왕시,2020-06,2326.0,1204776.0,1155495.0,0.0,0.0,0.0,332290.0,277925.0
41830,양평군,2020-06,963.0,2709206.0,2573277.0,0.0,0.0,0.0,0.0,0.0
41670,여주시,2020-06,883.0,1615056.0,1517746.0,0.0,0.0,0.0,0.0,0.0
41250,동두천시,2020-06,698.0,752878.0,739008.0,0.0,0.0,0.0,0.0,0.0
41820,가평군,2020-06,398.0,616944.0,518214.0,0.0,0.0,0.0,110545.0,107060.0
41290,과천시,2020-06,701.0,1676340.0,1353920.0,0.0,0.0,0.0,1218025.0,989030.0
41800,연천군,2020-06,355.0,525743.0,454039.0,0.0,0.0,0.0,0.0,0.0
41110,수원시,2020-07,21536.0,18748065.0,18318331.0,0.0,0.0,0.0,0.0,0.0
41280,고양시,2020-07,16520.0,10801299.0,14345199.0,0.0,0.0,0.0,0.0,0.0
41460,용인시,2020-07,19808.0,16461789.0,16032451.0,0.0,0.0,0.0,0.0,0.0
41130,성남시,2020-07,0.0,7554823.0,9389885.0,26103.0,9622450.0,6338788.0,9613780.0,6911145.0
41190,부천시,2020-07,14717.0,18772814.0,15717029.0,0.0,0.0,0.0,0.0,0.0
41590,화성시,2020-07,12653.0,24704398.0,29835477.0,0.0,0.0,0.0,0.0,0.0
41270,안산시,2020-07,18535.0,21188807.0,20519954.0,0.0,0.0,0.0,1271720.0,1455345.0
41360,남양주시,2020-07,11473.0,12018669.0,9986295.0,0.0,0.0,0.0,0.0,0.0
41170,안양시,2020-07,10991.0,5276632.0,5024370.0,0.0,0.0,0.0,1541585.0,1673205.0
41220,평택시,2020-07,7901.0,4149789.0,3150905.0,0.0,0.0,0.0,4770880.0,3990520.0
41390,시흥시,2020-07,0.0,0.0,0.0,13484.0,15332410.0,5791833.0,3103747.0,6389484.0
41480,파주시,2020-07,7243.0,5750125.0,5375859.0,0.0,0.0,0.0,0.0,0.0
41150,의정부시,2020-07,8562.0,5615538.0,5038198.0,0.0,0.0,0.0,0.0,0.0
41570,김포시,2020-07,0.0,0.0,0.0,16115.0,15069070.0,13500610.0,0.0,0.0
41610,광주시,2020-07,5980.0,8568562.0,7997727.0,0.0,0.0,0.0,0.0,0.0
41210,광명시,2020-07,6761.0,7448631.0,5553208.0,0.0,0.0,0.0,0.0,0.0
41410,군포시,2020-07,4917.0,5737778.0,7091100.0,0.0,0.0,0.0,0.0,0.0
41450,하남시,2020-07,5426.0,11668179.0,10907893.0,0.0,0.0,0.0,0.0,0.0
41370,오산시,2020-07,5429.0,4222140.0,5654460.0,0.0,0.0,0.0,0.0,0.0
41630,양주시,2020-07,4015.0,3831679.0,3422433.0,0.0,0.0,0.0,0.0,0.0
41500,이천시,2020-07,3343.0,4255006.0,3857808.0,0.0,0.0,0.0,0.0,0.0
41310,구리시,2020-07,5879.0,4307178.0,3925072.0,0.0,0.0,0.0,0.0,0.0
41550,안성시,2020-07,3033.0,4979607.0,4253610.0,0.0,0.0,0.0,0.0,0.0
41650,포천시,2020-07,2907.0,954505.0,1351650.0,0.0,0.0,0.0,252805.0,212261.0
41430,의왕시,2020-07,3643.0,1553640.0,1491008.0,0.0,0.0,0.0,229110.0,296375.0
41830,양평군,2020-07,1496.0,3227473.0,3311858.0,0.0,0.0,0.0,0.0,0.0
41670,여주시,2020-07,1528.0,2102508.0,1928818.0,0.0,0.0,0.0,0.0,0.0
41250,동두천시,2020-07,1351.0,951445.0,972710.0,0.0,0.0,0.0,0.0,0.0
